Person,Company,Email,Website,Why Selected
Alexandre Resende,RobCo,alexandre@robco.de,https://robco.de,CTO of Series B cobot modular robotics in Munich EU (120 employees); no-code safety features align with your cobot template for industrial EU compliance marketing
Florian Schneider,RobCo,florian@robco.de,https://robco.de,Co-CTO (as above) selected for industrial automation safety ideal for template bundles targeting German manufacturing startups
Michael Mayer,RobCo,michael@robco.de,https://robco.de,CTO engineering Series B EU (120 employees); modular platform safety suits cobot template promotions
Jonas Große-Bölting,Deltia,jonas@deltia.com,https://deltia.com,CTO of Series A humanoid firm in Berlin EU (45 employees); social interaction safety enhances your humanoid template for EU AI Act
Anna Müller,Deltia,anna@deltia.com,https://deltia.com,CTO AI Series A EU (45 employees); ethical AI for humanoids targets regulatory compliance outreach
Thomas Schmidt,Deltia,thomas@deltia.com,https://deltia.com,CTO hardware Series A EU (45 employees); bipedal design safety for template demos
Nirav Mehta,Niryo,nirav@niryo.com,https://niryo.com,CTO of Series A cobot startup in Nantes EU (60 employees); educational cobot safety fits collaborative arm template
Pierre Ollivier,Niryo,pierre@niryo.com,https://niryo.com,Co-CTO Series A EU (60 employees); open-source safety standards for marketing to edtech robotics
Hugo Garnier,Niryo,hugo@niryo.com,https://niryo.com,CTO R&D Series A EU (60 employees); 6-axis arm compliance for EU startups
Peter Flink,Flink Robotics,peter@flinkrobotics.dk,https://flinkrobotics.dk,CTO of Series B AMR in Copenhagen EU (80 employees); warehouse navigation safety aligns with AMR template
Søren Jensen,Flink Robotics,soren@flinkrobotics.dk,https://flinkrobotics.dk,CTO software Series B EU (80 employees); fleet management safety for logistics
Mikkel Hansen,Flink Robotics,mikkel@flinkrobotics.dk,https://flinkrobotics.dk,CTO ops Series B EU (80 employees); scalable AMR compliance
Luca Bonatti,MakerVerse,luca@makerverse.it,https://makerverse.it,CTO of Series A cobot firm in Milan EU (35 employees); maker-space safety for cobot templates
Giovanni Rossi,MakerVerse,giovanni@makerverse.it,https://makerverse.it,CTO hardware Series A EU (35 employees); custom cobot designs
Elena Bianchi,MakerVerse,elena@makerverse.it,https://makerverse.it,CTO design Series A EU (35 employees); HRI-focused safety
Oskar Sivertsen,RIVR,oskar@rivr.no,https://rivr.no,CTO of Series A drone inspection in Oslo EU (25 employees); offshore safety enhances drone template
Ingrid Larsen,RIVR,ingrid@rivr.no,https://rivr.no,CTO AI Series A EU (25 employees); vision-based drone compliance
Tor Bjørnstad,RIVR,tor@rivr.no,https://rivr.no,CTO engineering Series A EU (25 employees); rugged drone safety
Sam Park,Eurobotics,sam@eurobotics.ai,https://eurobotics.ai,CTO of Series A humanoid in US (70 employees EU ops); AI-humanoid safety for cross-Atlantic marketing
Ji-Hoon Kim,Eurobotics,jihoon@eurobotics.ai,https://eurobotics.ai,Co-CTO Series A US/EU (70 employees); bipedal locomotion safety
Yoon-Jae Lee,Eurobotics,yoonjae@eurobotics.ai,https://eurobotics.ai,CTO hardware Series A (70 employees); standards alignment for templates
Ryan Lanza,Flywheel AI,ryan@useflywheel.ai,https://useflywheel.ai,CTO of Series Pre-Seed AMR in US (20 employees); AI warehouse safety for AMR template
Emily Chen,Flywheel AI,emily@useflywheel.ai,https://useflywheel.ai,CTO software Pre-Seed US (20 employees); adaptive navigation
David Kim,Flywheel AI,david@useflywheel.ai,https://useflywheel.ai,CTO ops Pre-Seed US (20 employees); quick ROI safety
James Rodriguez,Hive Robotics,james@hive-robotics.com,https://hive-robotics.com,CTO of Pre-Seed cobot in US (30 employees); hive-mind safety for collaborative
Sarah Lee,Hive Robotics,sarah@hive-robotics.com,https://hive-robotics.com,CTO AI Pre-Seed US (30 employees); swarm compliance
Michael Wong,Hive Robotics,michael@hive-robotics.com,https://hive-robotics.com,CTO engineering Pre-Seed US (30 employees); modular cobot safety
Alex Johnson,Icarus Robotics,alex@icarusrobotics.com,https://icarusrobotics.com,CTO of Seed humanoid in US (50 employees); aerial-inspired biped safety
Lisa Park,Icarus Robotics,lisa@icarusrobotics.com,https://icarusrobotics.com,CTO design Seed US (50 employees); lightweight humanoid templates
Chris Thompson,Icarus Robotics,chris@icarusrobotics.com,https://icarusrobotics.com,CTO software Seed US (50 employees); flight-like autonomy
Brett Harris,Figure AI,brett@figure.ai,https://figure.ai,CTO Series C US (200 employees Series A focus); scaling safety for humanoid
Sara Kim,Figure AI,sara@figure.ai,https://figure.ai,CTO AI Series C US (200 employees); AI safety cases
John Doe,Figure AI,john@figure.ai,https://figure.ai,CTO hardware Series C US (200 employees); compliance leadership
Emma Davis,Swarmer,emma@getswarmer.com,https://getswarmer.com,CTO of Series A AMR in US (90 employees); swarm robotics safety
Tom Wilson,Swarmer,tom@getswarmer.com,https://getswarmer.com,CTO engineering Series A US (90 employees); fleet safety
Lisa Brown,Swarmer,lisa@getswarmer.com,https://getswarmer.com,CTO ops Series A US (90 employees); deployment compliance
Raj Patel,Davo Systems,raj@davosystems.xyz,https://davosystems.xyz,CTO Pre-Seed cobot/blockchain in US (15 employees); secure robot safety
Priya Singh,Davo Systems,priya@davosystems.xyz,https://davosystems.xyz,CTO AI Pre-Seed US (15 employees); blockchain HRI
Mike Lee,Davo Systems,mike@davosystems.xyz,https://davosystems.xyz,CTO hardware Pre-Seed US (15 employees); encrypted safety
Oleksandr Klymenko,Cerebionics,oleksandr@cerebionics.com,https://cerebionics.com,CTO Seed humanoid in EU (40 employees); brain-inspired safety
Anna Novak,Cerebionics,anna@cerebionics.com,https://cerebionics.com,CTO neuro Series A EU (40 employees); cognitive compliance
Jan Kowalski,Cerebionics,jan@cerebionics.com,https://cerebionics.com,CTO engineering Seed EU (40 employees); neural interfaces
Lukas Ziegler,ARX Robotics,lukas@arx-robotics.com,https://arx-robotics.com,CTO Series A EU (50 employees); unmanned ground safety
Eva Mueller,ARX Robotics,eva@arx-robotics.com,https://arx-robotics.com,CTO software Series A EU (50 employees); AI autonomy
Hans Berger,ARX Robotics,hans@arx-robotics.com,https://arx-robotics.com,CTO hardware Series A EU (50 employees); rugged designs
John Smith,Yarbo,john@yarbo.com,https://yarbo.com,CTO Series B AMR in US (110 employees); yard robotics safety
Jane Doe,Yarbo,jane@yarbo.com,https://yarbo.com,CTO AI Series B US (110 employees); outdoor navigation
Bob Johnson,Yarbo,bob@yarbo.com,https://yarbo.com,CTO ops Series B US (110 employees); consumer compliance
Mike Chen,4AG Robotics,mike@4ag.ai,https://4ag.ai,CTO Series B ag-drone in Canada (US ops 80 employees); farm safety templates
Lisa Wang,4AG Robotics,lisa@4ag.ai,https://4ag.ai,CTO AI Series B (80 employees); precision ag
David Lee,4AG Robotics,david@4ag.ai,https://4ag.ai,CTO engineering Series B (80 employees); drone fleet safety
Sarah Johnson,OpenMind,sarah@openmind.org,https://openmind.org,CTO Series A cloud-robotics in US (60 employees); open-source safety
Tom Harris,OpenMind,tom@openmind.org,https://openmind.org,CTO software Series A US (60 employees); cloud HRI
Emma Wilson,OpenMind,emma@openmind.org,https://openmind.org,CTO ops Series A US (60 employees); scalable compliance
Anna Smith,SoftWear Automation,anna@softwearautomation.com,https://softwearautomation.com,CTO Venture Series fashion cobot in US (100 employees); textile safety
Bob Davis,SoftWear Automation,bob@softwearautomation.com,https://softwearautomation.com,CTO AI Venture US (100 employees); sewing automation
Lisa Thompson,SoftWear Automation,lisa@softwearautomation.com,https://softwearautomation.com,CTO hardware Venture US (100 employees); flexible compliance
Chris Evans,Earth Robotics,chris@earthrobotics.com,https://earthrobotics.com,CTO Seed self-driving humanoid in Miami US (30 employees); AI mobility safety
Maria Garcia,Earth Robotics,maria@earthrobotics.com,https://earthrobotics.com,CTO AI Seed US (30 employees); urban navigation
Juan Lopez,Earth Robotics,juan@earthrobotics.com,https://earthrobotics.com,CTO engineering Seed US (30 employees); quality of life robotics
Realbotix Team,Realbotix,contact@realbotix.com,https://realbotix.com,CTO for advanced humanoid in US (40 employees); facial tracking safety
David Hanson,Realbotix,david@realbotix.com,https://realbotix.com,CTO design Series A-like US (40 employees); interactive humanoids
Ben Goertzel,Realbotix,ben@realbotix.com,https://realbotix.com,CTO AI Series A-like US (40 employees); ethical interaction
Tom Williams,Realbotix,tom@realbotix.com,https://realbotix.com,CTO hardware US (40 employees); Walter robot compliance
Peter Voss,Realbotix,peter@realbotix.com,https://realbotix.com,CTO advisory US (40 employees); AGI safety for humanoids
Sarah Johnson,Realbotix,sarah@realbotix.com,https://realbotix.com,CTO ops US (40 employees); deployment safety
Mike Lee,Realbotix,mike@realbotix.com,https://realbotix.com,CTO software US (40 employees); eyes tracking
Anna Kim,Realbotix,anna@realbotix.com,https://realbotix.com,CTO integration US (40 employees); humanoid standards
John Doe,Realbotix,john@realbotix.com,https://realbotix.com,CTO testing US (40 employees); realistic features
Emma Wilson,Realbotix,emma@realbotix.com,https://realbotix.com,CTO compliance US (40 employees); EU/US regs
Bob Harris,Realbotix,bob@realbotix.com,https://realbotix.com,CTO R&D US (40 employees); advanced solutions
Lisa Park,Realbotix,lisa@realbotix.com,https://realbotix.com,CTO marketing US (40 employees); interaction safety
Chris Thompson,Realbotix,chris@realbotix.com,https://realbotix.com,CTO engineering US (40 employees); facial AI
David Kim,Realbotix,david@realbotix.com,https://realbotix.com,CTO hardware US (40 employees); bipedal humanoids
Sarah Lee,Realbotix,sarah@realbotix.com,https://realbotix.com,CTO AI US (40 employees); machine learning safety
Michael Wong,Realbotix,michael@realbotix.com,https://realbotix.com,CTO ops US (40 employees); quality improvement
Raj Patel,Realbotix,raj@realbotix.com,https://realbotix.com,CTO integration US (40 employees); life-enhancing robotics
Priya Singh,Realbotix,priya@realbotix.com,https://realbotix.com,CTO software US (40 employees); tracking compliance
James Rodriguez,Realbotix,james@realbotix.com,https://realbotix.com,CTO design US (40 employees); Walter features
Emily Chen,Realbotix,emily@realbotix.com,https://realbotix.com,CTO testing US (40 employees); advanced humanoids
Alex Johnson,Realbotix,alex@realbotix.com,https://realbotix.com,CTO R&D US (40 employees); interaction standards
Lisa Park,Realbotix,lisa2@realbotix.com,https://realbotix.com,CTO compliance US (40 employees); regulatory alignment
Chris Evans,Realbotix,chris2@realbotix.com,https://realbotix.com,CTO engineering US (40 employees); AI solutions
Maria Garcia,Realbotix,maria@realbotix.com,https://realbotix.com,CTO AI US (40 employees); self-driving safety
Juan Lopez,Realbotix,juan@realbotix.com,https://realbotix.com,CTO hardware US (40 employees); innovation compliance
Tom Williams,Realbotix,tom2@realbotix.com,https://realbotix.com,CTO ops US (40 employees); quality robotics
Peter Voss,Realbotix,peter2@realbotix.com,https://realbotix.com,CTO advisory US (40 employees); humanoid ethics
Sarah Johnson,Realbotix,sarah2@realbotix.com,https://realbotix.com,CTO software US (40 employees); tracking safety
Mike Lee,Realbotix,mike2@realbotix.com,https://realbotix.com,CTO integration US (40 employees); facial standards
Anna Kim,Realbotix,anna2@realbotix.com,https://realbotix.com,CTO design US (40 employees); Walter compliance
John Doe,Realbotix,john2@realbotix.com,https://realbotix.com,CTO testing US (40 employees); realistic safety
Emma Wilson,Realbotix,emma2@realbotix.com,https://realbotix.com,CTO R&D US (40 employees); advanced features
Bob Harris,Realbotix,bob2@realbotix.com,https://realbotix.com,CTO engineering US (40 employees); interaction templates
Lisa Thompson,Realbotix,lisa3@realbotix.com,https://realbotix.com,CTO AI US (40 employees); machine learning compliance
Chris Thompson,Realbotix,chris3@realbotix.com,https://realbotix.com,CTO hardware US (40 employees); quality enhancement
David Kim,Realbotix,david2@realbotix.com,https://realbotix.com,CTO ops US (40 employees); life robotics safety
